Variant	Gene	Drugs	Study	Significance	Notes	Sentence
rs705379	PON1	leflunomide	https://pubmed.ncbi.nlm.nih.gov/40183079/	yes	"Alleles complemented. ""In dominant model	 there was significant difference in rs705379 wildtype CC and mutant genotypes (CT + TT) between the responders and non-responders (P < 0.05). More CC-carriers were found in the response group (34.01%) than in the non-response group (21.50%) [OR (95%CI) = 0.532 (0.291	 0.973)]. "" ""We then found that a reduction of methylation levels led to a significant increase in ΔDAS28. More importantly	 in the carriers of rs705379-CC	 the methylation levels of the cg17330251 significantly decreased	 and then ΔDAS28 would significantly increase. """	Genotype GG is associated with increased clinical benefit to leflunomide in people with Rheumatoid arthritis as compared to genotypes AA + AG.
rs4673993	ATIC	methotrexate	https://pubmed.ncbi.nlm.nih.gov/40362255/	yes	"""The variables associated with non-response were higher HAQ-Di	 weekly MTX dose	 glucocorticoid use	 erythrocyte sedimentation rate	 and carriers of the polymorphic homozygous variant of rs4673993 (OR = 4.5	 95% CI: 1.04–19.34; p = 0.04)."" T allele is minor allele in this study	 Table 3."	Genotype TT is associated with decreased clinical benefit to methotrexate in people with Rheumatoid arthritis as compared to genotypes CC + CT.
rs371194629	HLA-G	methotrexate	https://pubmed.ncbi.nlm.nih.gov/16906016/	yes	"Responders = DAS reduction from baseline values ranged from >0.6 to >1.2. If DAS decrease proved to be ≤0.6	 the patients were considered as nonresponders. Variant described as HLA-G 14-bp with association for −14/−14 bp genotype."	"Genotype del/del is associated with increased response to methotrexate in people with Arthritis	 Rheumatoid as compared to genotypes ATTTGTTCATGCCT/ATTTGTTCATGCCT + ATTTGTTCATGCCT/del."
rs11545078	GGH	methotrexate	https://pubmed.ncbi.nlm.nih.gov/34575187/	yes	"Patients receiving MTX and bDMARD treatment (combined treatment) at the time of the study were considered “tolerant” to MTX. Patients receiving bDMARD monotherapy at the study visit were asked about the reason for MTX discontinuation. In cases of discontinuation due to adverse events or toxicity (such as nausea; vomiting; dyspepsia; alopecia; oral ulcers; leukopenia; hepatic alterations	 defined as alanine aminotransferase levels greater than 1.5 times the upper normal limit; or pulmonary toxicity)	 these patients were considered “intolerant” to MTX."	"Genotypes AA + AG is associated with increased discontinuation of methotrexate in people with Arthritis	 Rheumatoid as compared to genotype GG."
rs717620	ABCC2	methotrexate	https://pubmed.ncbi.nlm.nih.gov/34575187/	yes	"Patients receiving MTX and bDMARD treatment (combined treatment) at the time of the study were considered “tolerant” to MTX. Patients receiving bDMARD monotherapy at the study visit were asked about the reason for MTX discontinuation. In cases of discontinuation due to adverse events or toxicity (such as nausea; vomiting; dyspepsia; alopecia; oral ulcers; leukopenia; hepatic alterations	 defined as alanine aminotransferase levels greater than 1.5 times the upper normal limit; or pulmonary toxicity)	 these patients were considered “intolerant” to MTX."	"Genotypes CT + TT is associated with decreased discontinuation of methotrexate in people with Arthritis	 Rheumatoid as compared to genotype CC."
rs45445694	C18orf56; TYMS	 folic acid; hydroxychloroquine; methotrexate; sulfasalazine	https://pubmed.ncbi.nlm.nih.gov/18322994/	yes	No information	"Genotype (CCGCGCCACTTGGCCTGCCTCCGTCCCG)3/(CCGCGCCACTTGGCCTGCCTCCGTCCCG)3 is associated with increased response to folic acid	 hydroxychloroquine	 methotrexate and sulfasalazine in people with Arthritis	 Rheumatoid as compared to genotypes (CCGCGCCACTTGGCCTGCCTCCGTCCCG)2/(CCGCGCCACTTGGCCTGCCTCCGTCCCG)2 + (CCGCGCCACTTGGCCTGCCTCCGTCCCG)2/(CCGCGCCACTTGGCCTGCCTCCGTCCCG)3."
rs45445694	C18orf56; TYMS	methotrexate	https://pubmed.ncbi.nlm.nih.gov/15457444/	yes	"""The distribution of the TSER*2/*3 tandem repeat polymorphism consisted of 23 carriers of the TSER*2/*2 genotype. These patients had a lower score for physician's global assessment of disease activity (2.9 ± 0.5 versus 3.6 ± 0.2 [P = 0.049])	 a lower score for physician's assessment of patient's response to MTX (2.1 ± 0.4 versus 2.8 ± 0.2 [P = 0.06])	 and a lower M‐HAQ score (0.38 ± 0.08 versus 0.60 ± 0.05 [P = 0.05]) compared with carriers of a third 28‐bp repeat (for TSER*3/*3	 n = 21; for TSER*2/*3	 n = 64). """	"Genotype (CCGCGCCACTTGGCCTGCCTCCGTCCCG)2/(CCGCGCCACTTGGCCTGCCTCCGTCCCG)2 is associated with increased response to methotrexate in people with Arthritis	 Rheumatoid as compared to genotypes (CCGCGCCACTTGGCCTGCCTCCGTCCCG)2/(CCGCGCCACTTGGCCTGCCTCCGTCCCG)3 + (CCGCGCCACTTGGCCTGCCTCCGTCCCG)3/(CCGCGCCACTTGGCCTGCCTCCGTCCCG)3."
rs3794271	SLCO1C1	infliximab	https://pubmed.ncbi.nlm.nih.gov/23651021/	yes	"Whether response was better with which allele was not stated	 however looking at genotype frequencies the G allele is associated with increased likelihood of not responding	 whereas A increased likelihood of a good response."	"Allele G is associated with decreased response to infliximab in people with Arthritis	 Rheumatoid as compared to allele A."
rs4845625	IL6R	tocilizumab	https://pubmed.ncbi.nlm.nih.gov/36145690/	yes	"Response measured using Disease activity score including 28 joints (DAS28)	 a satisfactory European League Against Rheumatism (EULAR) response	 and low disease activity (LDA) achievement."	"Genotypes CT + TT is associated with increased response to tocilizumab in people with Arthritis	 Rheumatoid as compared to genotype CC."
rs4673993	ATIC	methotrexate	https://pubmed.ncbi.nlm.nih.gov/27992285/	yes	No information	"Genotype CC is associated with increased response to methotrexate in people with Arthritis	 Rheumatoid as compared to genotypes CT + TT."
rs3794271	SLCO1C1	etanercept	https://pubmed.ncbi.nlm.nih.gov/23651021/	yes	"Whether response was better with which allele was not stated	 however looking at genotype frequencies the G allele is associated with increased likelihood of not responding	 whereas A increased likelihood of a good response."	"Allele G is associated with decreased response to etanercept in people with Arthritis	 Rheumatoid as compared to allele A."
rs45445694	TYMS	methotrexate	https://pubmed.ncbi.nlm.nih.gov/38311638/	yes	"""Also	 a significant difference was found in TYMS 2R/3R (rs34743033) among the dominant model	 p = 0.022	 OR = 0.165 (0.035–0.771)	 and the heterozygous genetic model	 p = 0.013	 OR = 0.129 (0.026–0.644)."" rs34743033 is equivalent to rs45445694. Authors label 2R as reference."	"Genotype (CCGCGCCACTTGGCCTGCCTCCGTCCCG)2/(CCGCGCCACTTGGCCTGCCTCCGTCCCG)3 is associated with increased clinical benefit to methotrexate in people with Arthritis	 Rheumatoid as compared to genotype (CCGCGCCACTTGGCCTGCCTCCGTCCCG)2/(CCGCGCCACTTGGCCTGCCTCCGTCCCG)2."
rs45445694	TYMS	methotrexate	https://pubmed.ncbi.nlm.nih.gov/27992285/	yes	No information	"Genotype (CCGCGCCACTTGGCCTGCCTCCGTCCCG)3/(CCGCGCCACTTGGCCTGCCTCCGTCCCG)3 is associated with decreased response to methotrexate in people with Arthritis	 Rheumatoid as compared to genotypes (CCGCGCCACTTGGCCTGCCTCCGTCCCG)2/(CCGCGCCACTTGGCCTGCCTCCGTCCCG)2 + (CCGCGCCACTTGGCCTGCCTCCGTCCCG)2/(CCGCGCCACTTGGCCTGCCTCCGTCCCG)3."
rs3735451	CYP3A4	hydroxychloroquine	https://pubmed.ncbi.nlm.nih.gov/35135554/	yes	"Authors state ""We found that CYP3A4 (rs3735451) was significantly correlated with blood concentration of HCQ and its metabolites by adjusting for the time of administration	 and the mean blood concentrations of HCQ	 DHCQ	 and DCQ in patients with CC	 CT	 and TT genotypes is higher than those of other genotypes	 with the blood concentration of HCQ and its main metabolite DHCQ being the lowest for the CC genotype."""	"Genotype CC is associated with decreased concentrations of hydroxychloroquine in people with Arthritis	 Rheumatoid or Lupus Erythematosus	 Systemic as compared to genotypes CT + TT."
rs35717427	IL6R	tocilizumab	https://pubmed.ncbi.nlm.nih.gov/39718059/	yes	"""After multivariable analysis	 the major alleles of IL6R rs35717427 (G/G + A/G versus A/A	 RR = 0.78	 95 % CI = 0.62 – 0.98	 P = 0.03) and GALNT18 rs4910008 (G/G + A/G versus A/A	 RR = 1.53	 95 % CI = 1.04–2.26	 P = 0.03) were found to be significantly associated with CDAI LDA under dominant models (Fig. 1	 Supplementary Table 3)."""	Genotypes AG + GG is associated with decreased clinical benefit to tocilizumab in people with Rheumatoid arthritis as compared to genotype AA.
rs6690230	IL6R	tocilizumab	https://pubmed.ncbi.nlm.nih.gov/39718059/	yes	"""After multivariable analysis	 the major alleles of IL6R rs11265621 (A/A + A/G versus G/G	 RR = 0.51	 95 % CI = 0.32–0.82	 P = 5.11 × 10-3) and rs6690230 (G/G + G/C versus C/C	 RR = 0.59	 95 % CI = 0.38–0.89	 P = 0.01) were revealed to be significantly associated with EULAR good response under dominant models (Fig. 3	 Supplementary Table 7)."""	Genotypes CG + GG is associated with decreased clinical benefit to tocilizumab in people with Rheumatoid arthritis as compared to genotype CC.
rs11265621	IL6R	tocilizumab	https://pubmed.ncbi.nlm.nih.gov/39718059/	yes	"""After multivariable analysis	 the major alleles of IL6R rs11265621 (A/A + A/G versus G/G	 RR = 0.51	 95 % CI = 0.32–0.82	 P = 5.11 × 10-3) and rs6690230 (G/G + G/C versus C/C	 RR = 0.59	 95 % CI = 0.38–0.89	 P = 0.01) were revealed to be significantly associated with EULAR good response under dominant models (Fig. 3	 Supplementary Table 7)."""	Genotypes AA + AG is associated with decreased clinical benefit to tocilizumab in people with Rheumatoid arthritis as compared to genotype GG.
rs10108210	tocilizumab	https://pubmed.ncbi.nlm.nih.gov/39718059/	yes	"""Multivariable analysis showed that the major alleles of rs10108210 (A/A versus A/C + C/C	 β = 0.53	 95 % CI = 0.02–1.04	 P = 0.04) and CLEC2D rs1560011 (G/G versus A/G + A/A	 β = -0.56	 95 % CI = −1.11 − −0.02	 P = 0.04) were significantly associated with ΔDAS28-ESR under recessive model. Supplementary Table 13)."""	Genotype AA is associated with decreased clinical benefit to tocilizumab in people with Rheumatoid arthritis as compared to genotypes AC + CC.
rs1560011	CLEC2D	tocilizumab	https://pubmed.ncbi.nlm.nih.gov/39718059/	yes	"""Multivariable analysis showed that the major alleles of rs10108210 (A/A versus A/C + C/C	 β = 0.53	 95 % CI = 0.02–1.04	 P = 0.04) and CLEC2D rs1560011 (G/G versus A/G + A/A	 β = -0.56	 95 % CI = −1.11 − −0.02	 P = 0.04) were significantly associated with ΔDAS28-ESR under recessive model. Supplementary Table 13)."""	Genotype GG is associated with increased clinical benefit to tocilizumab in people with Rheumatoid arthritis.
rs703505	KCNMB1	tocilizumab	https://pubmed.ncbi.nlm.nih.gov/39718059/	yes	"""The major allele of KCNMB1 rs703505 (A/A + A/G versus G/G	 β = 0.69	 95 % CI = 0.05 – 1.34	 P = 0.04) was found to be significantly associated with ΔDAS28-ESR under dominant model (Fig. 6	 Supplementary Table 13)."""	Genotypes AA + AG is associated with decreased clinical benefit to tocilizumab in people with Rheumatoid arthritis as compared to genotype GG.
rs3794271	SLCO1C1	Tumor necrosis factor alpha (TNF-alpha) inhibitors	https://pubmed.ncbi.nlm.nih.gov/23651021/	yes	"Whether response was better with which allele was not stated	 however looking at genotype frequencies the G allele is associated with increased likelihood of not responding	 whereas A increased likelihood of a good response; n=31 genotype GG: 16% good	 39% moderate	 45% none. n=151 genotype AG: 27% good	 44% moderate	  28.5% none. n=131 with genotype AA: 44% good	 13% moderate	 15% none."	"Allele G is associated with decreased response to Tumor necrosis factor alpha (TNF-alpha) inhibitors in people with Arthritis	 Rheumatoid as compared to allele A."
rs1045642	ABCB1	methotrexate	https://pubmed.ncbi.nlm.nih.gov/27992285/	yes	No information	"Genotype AA is associated with decreased response to methotrexate in people with Arthritis	 Rheumatoid as compared to genotypes AG + GG."
rs1544105	FPGS	methotrexate	https://pubmed.ncbi.nlm.nih.gov/19902562/	yes	No information	"Genotypes CT + TT are associated with decreased response to methotrexate in people with Arthritis	 Rheumatoid as compared to genotype CC."
rs2853539	TYMS	methotrexate	https://pubmed.ncbi.nlm.nih.gov/19902562/	yes	No information	"Genotype AA is associated with decreased response to methotrexate in people with Arthritis	 Rheumatoid as compared to allele G."
rs1800629	TNF	 etanercept; infliximab; Tumor necrosis factor alpha (TNF-alpha) inhibitors	https://pubmed.ncbi.nlm.nih.gov/16909270/	yes	No information	"Allele A is associated with decreased response to etanercept	 infliximab or Tumor necrosis factor alpha (TNF-alpha) inhibitors in people with Arthritis	 Rheumatoid as compared to allele G."
rs1126535	CD40LG	adalimumab	https://pubmed.ncbi.nlm.nih.gov/28639493/	yes	No information	"Allele T is associated with increased response to adalimumab in people with Arthritis	 Rheumatoid as compared to allele C."
rs1801274	FCGR2A	infliximab	https://pubmed.ncbi.nlm.nih.gov/24667440/	yes	Association only existing for the time point at 3 month but not for later time points 6 and 12 month. Response was determined using European League Against Rheumatism (EULAR) criteria.	"Allele G is associated with decreased response to infliximab in people with Arthritis	 Rheumatoid as compared to allele A."
rs3787186	NFATC2	adalimumab; etanercept; infliximab	https://pubmed.ncbi.nlm.nih.gov/34320607/	yes	"After adjusting for covariates	 C allele carriers of NFATC2 rs3787186 exhibited approximately three-fold lower; rates of treatment response compared to those with TT genotype (P = 0.037).  Patients who received TNF-α inhibitors: adalimumab	 etanercept	 golimumab or infliximab."	"Genotypes CC + CT is associated with decreased response to adalimumab	 etanercept or infliximab in people with Arthritis	 Rheumatoid as compared to genotype TT."
rs11591741	CHUK	Tumor necrosis factor alpha (TNF-alpha) inhibitors	https://pubmed.ncbi.nlm.nih.gov/25896535/	yes	The G allele was associated with less improvement in Disease Activity Score 28 (DAS28) score between baseline and 3 months of treatment as compared to the C allele. No significant result was seen at 6 months of treatment (p=1.0).	"Allele G is associated with decreased response to Tumor necrosis factor alpha (TNF-alpha) inhibitors in people with Arthritis	 Rheumatoid as compared to allele C."
rs396991	FCGR3A	infliximab	https://pubmed.ncbi.nlm.nih.gov/19005160/	yes	"Patient categorized as being a good or moderate responder (responder)	 or a non-responder according to EULAR response criteria at 22 weeks. The authors note that the distribution of genotypes was significantly different between patients with regard to response	 however they do not give a direction to the association. Data from their table suggest that the AA genotype MAY be associated with response to infliximab. Distribution as follows: Responder - AA=20	 AC=7	 CC=0; Non-responder - AA=0	 AC=1	 CC=1."	"Allele A is associated with increased response to infliximab in people with Arthritis	 Rheumatoid as compared to allele C."
rs1051266	SLC19A1	folic acid; hydroxychloroquine; methotrexate; sulfasalazine	https://pubmed.ncbi.nlm.nih.gov/18322994/	yes	No information	"Allele T is associated with increased response to folic acid	 hydroxychloroquine	 methotrexate and sulfasalazine in people with Arthritis	 Rheumatoid as compared to allele C."
rs1805087	MTR	folic acid; hydroxychloroquine; methotrexate; sulfasalazine	https://pubmed.ncbi.nlm.nih.gov/18322994/	yes	No information	"Allele A is associated with increased response to folic acid	 hydroxychloroquine	 methotrexate and sulfasalazine in people with Arthritis	 Rheumatoid as compared to allele G."
rs1051266	SLC19A1	methotrexate	https://pubmed.ncbi.nlm.nih.gov/17325736/	yes	No information	"Allele T is associated with increased response to methotrexate in people with Arthritis	 Rheumatoid as compared to allele C."
rs1051266	SLC19A1	methotrexate	https://pubmed.ncbi.nlm.nih.gov/19827168/	yes	"""Recent evidence suggests that patients with the RFC 80AA genotype responded to therapy better than those with the GG and GA genotypes. The results of univariate analysis in our study are consistent with these reports."""	"Allele T is associated with increased response to methotrexate in people with Arthritis	 Rheumatoid as compared to allele C."
rs3758149	GGH	methotrexate	https://pubmed.ncbi.nlm.nih.gov/19827168/	yes	No information	"Genotypes AA + AG are associated with decreased response to methotrexate in people with Arthritis	 Rheumatoid as compared to genotype GG."
rs17602729	AMPD1	methotrexate	https://pubmed.ncbi.nlm.nih.gov/27992285/	yes	No information	"Genotypes AA + AG is associated with increased response to methotrexate in people with Arthritis	 Rheumatoid as compared to genotype GG."
rs1051266	SLC19A1	methotrexate	https://pubmed.ncbi.nlm.nih.gov/27992285/	yes	No information	"Genotype TT is associated with increased response to methotrexate in people with Arthritis	 Rheumatoid as compared to genotypes CC + CT."
rs2372536	ATIC	folic acid; methotrexate	https://pubmed.ncbi.nlm.nih.gov/16947783/	yes	No information	"Genotype CC is associated with increased response to folic acid and methotrexate in people with Arthritis	 Rheumatoid as compared to genotypes CG + GG."
rs1127354	ITPA	folic acid; methotrexate	https://pubmed.ncbi.nlm.nih.gov/16947783/	yes	No information	"Genotype CC is associated with increased response to folic acid and methotrexate in people with Arthritis	 Rheumatoid as compared to genotypes AA + AC."
rs4673993	ATIC	methotrexate	https://pubmed.ncbi.nlm.nih.gov/19193698/	yes	No information	"Allele C is associated with increased response to methotrexate in people with Arthritis	 Rheumatoid as compared to allele T."
rs244076	ADA	methotrexate	https://pubmed.ncbi.nlm.nih.gov/19902562/	yes	although not significant after Bonferroni correction.	"Allele C is associated with decreased response to methotrexate in people with Arthritis	 Rheumatoid."
rs5751876	ADORA2A	methotrexate	https://pubmed.ncbi.nlm.nih.gov/19902562/	yes	although not significant after Bonferroni correction.	"Allele T is associated with decreased response to methotrexate in people with Arthritis	 Rheumatoid."
rs17602729	AMPD1	folic acid; methotrexate	https://pubmed.ncbi.nlm.nih.gov/16947783/	yes	No information	"Allele A is associated with increased response to folic acid and methotrexate in people with Arthritis	 Rheumatoid as compared to allele G."
rs396991	FCGR3A	rituximab	https://pubmed.ncbi.nlm.nih.gov/23505228/	yes	"Patients with the CC genotype were more likely to have a good/moderate response to rituximab treatment at 6 months	 as compared to those with the AC or AA genotype. No significant result was seen at 4 months. Additionally	 those with the CC genotype were less likely to stop responding to rituximab treatment between months 4 and 6 of treatment	 as compared to those with the AC or AA genotype. The European League Against Rheumatism (EULAR) response criteria used	 by means of DAS28 using erythrocyte sedimentation rate. Note that there was a significant difference in baseline DAS28 score between those with the CC genotype and those with the AA genotype (p = 0.01)."	"Genotype CC is associated with increased response to rituximab in people with Arthritis	 Rheumatoid as compared to genotypes AA + AC."
rs1051266	SLC19A1	methotrexate	https://pubmed.ncbi.nlm.nih.gov/38311638/	yes	"""This clarified that the 80 AA genotype of RFC1 G80A was linked to a better response to MTX treatment. Multivariate regression analysis confirmed this result. It showed that RFC1 (GA + GG) increased the risk of not responding to MTX by 3.838-fold."" Alleles complemented to plus chromosomal strand."	"Genotype TT is associated with increased clinical benefit to methotrexate in people with Arthritis	 Rheumatoid as compared to genotypes CC + CT."
rs1045642	ABCB1	tacrolimus	https://pubmed.ncbi.nlm.nih.gov/25817604/	yes	"Patients with the AA genotype had 1.8X higher dose-normalized blood concentrations of tacrolimus as compared to those with the GG genotype. Additionally	 the dose-normalized blood concentration of the 13-O-demethylate metabolite was significantly higher in those with the AA genotype as compared to those with the AG genotype. However	 no significant difference in the blood concentration ratio of 13-O-demethylate to tacrolimus was seen (p=0.27). Please note that alleles have been complemented to the plus chromosomal strand."	"Genotype AA is associated with increased dose-adjusted trough concentrations of tacrolimus in people with Arthritis	 Rheumatoid as compared to genotype GG."
rs1801394	MTRR	methotrexate	https://pubmed.ncbi.nlm.nih.gov/29743634/	yes	"The A allele was independently associated with worse response using two distinct measures of response 1) the difference in Disease Activity Score 28 between baseline and 6 months later (deltaDAS28) and 2) the European League Against Rheumatism (EULAR) criteria. For DAS28	 each A allele corresponded to 0.14 deltaDAS28 units in an additive model vs the G allele (indicating worse response assoc. with A allele). Using EULAR criteria the A allele also had an increased OR=1.39 for non-response (95% CI 1.11–1.75)."	"Allele A is associated with decreased response to methotrexate in people with Arthritis	 Rheumatoid as compared to allele G."
rs1051266	SLC19A1	methotrexate	https://pubmed.ncbi.nlm.nih.gov/27217051/	yes	Discontinuation due to adverse events. The CT and TT genotypes had a protective effect on the risk for discontinuation. Please note that alleles have been complemented to the plus chromosomal strand.	"Genotypes CT + TT is associated with decreased discontinuation of methotrexate in people with Arthritis	 Rheumatoid as compared to genotype CC."
rs1801394	MTRR	methotrexate	https://pubmed.ncbi.nlm.nih.gov/29589488/	yes	Authors say this variant is associated with response in dominant model (minor allele/minor allele + minor/major vs major major and describe variant as A>G).	"Genotypes AG + GG is associated with increased response to methotrexate in children with Arthritis	 Juvenile Rheumatoid as compared to genotype AA."
rs1128503	ABCB1	methotrexate	https://pubmed.ncbi.nlm.nih.gov/29589488/	yes	Authors say this variant is associated with response in recessive model (minor allele/minor allele vs minor/major + major major and describe variant as G>A).	"Genotype AA is associated with increased response to methotrexate in children with Arthritis	 Juvenile Rheumatoid as compared to genotypes AG + GG."
rs1045642	ABCB1	methotrexate	https://pubmed.ncbi.nlm.nih.gov/29589488/	yes	Authors say this variant is associated with response in recessive model (minor allele/minor allele vs minor/major + major major and describe variant as G>A).	"Genotype AA is associated with increased response to methotrexate in children with Arthritis	 Juvenile Rheumatoid as compared to genotypes AG + GG."
rs3763980	SLC16A7	methotrexate	https://pubmed.ncbi.nlm.nih.gov/29589488/	yes	Authors say this variant is associated with non-response in allelic model (minor allele vs major and describe variant as T>A).	"Allele A is associated with decreased response to methotrexate in children with Arthritis	 Juvenile Rheumatoid as compared to allele T."
rs12231740	SLC16A7	methotrexate	https://pubmed.ncbi.nlm.nih.gov/29589488/	yes	Authors say this variant is associated with non-response in allelic model (minor  vs  major  and describe variant as C>T).	"Allele T is associated with decreased response to methotrexate in children with Arthritis	 Juvenile Rheumatoid as compared to allele C."
rs1801133	MTHFR	methotrexate	https://pubmed.ncbi.nlm.nih.gov/29589488/	yes	Authors say this variant is associated with non-response in recessive model (minor allele/minor allele vs minor/major + major major and describe variant as C677T). Alleles complemented to plus chromosomal strand.	"Genotype AA is associated with decreased response to methotrexate in children with Arthritis	 Juvenile Rheumatoid as compared to genotypes AG + GG."
rs1495741	NAT2	iguratimod	https://pubmed.ncbi.nlm.nih.gov/29517409/	yes	There are two places in the text where the variant is also referred to as rs1495742 but this appears to be a typo.	"Genotypes AG + GG is associated with decreased clinical benefit to iguratimod in people with Arthritis	 Rheumatoid as compared to genotype AA."
rs2231142	ABCG2	iguratimod	https://pubmed.ncbi.nlm.nih.gov/29517409/	yes	Alleles complemented to plus strand.	"Genotypes GT + TT is associated with increased clinical benefit to iguratimod in people with Arthritis	 Rheumatoid as compared to genotype GG."
rs2032582	ABCB1	iguratimod	https://pubmed.ncbi.nlm.nih.gov/29517409/	yes	No information	"Genotypes CT + TT is associated with increased clinical benefit to iguratimod in people with Arthritis	 Rheumatoid as compared to genotype CC."
rs1800629	TNF	Tumor necrosis factor alpha (TNF-alpha) inhibitors	https://pubmed.ncbi.nlm.nih.gov/33887993/	yes	"""Conclusion; The present study shows that Caucasian patients carrying the common alleles of FCGR2A rs1801274	 FCGR3A; rs396991	 TNF-α rs361525	 rs1800629	 rs1799724 and TNFRSF1B rs1061622 have a potential to show a better; response to anti-TNF-α agents"""	"Allele G is associated with increased response to Tumor necrosis factor alpha (TNF-alpha) inhibitors in people with Arthritis	 Rheumatoid	 Autoimmune Diseases or Psoriasis as compared to allele A."
rs1801274	FCGR2A	Tumor necrosis factor alpha (TNF-alpha) inhibitors	https://pubmed.ncbi.nlm.nih.gov/33887993/	yes	"""Conclusion; The present study shows that Caucasian patients carrying the common alleles of FCGR2A rs1801274	 FCGR3A; rs396991	 TNF-α rs361525	 rs1800629	 rs1799724 and TNFRSF1B rs1061622 have a potential to show a better; response to anti-TNF-α agents""""association between the FCGR2A rs1801274 R allele (FCGR2A R131H); polymorphism and response to anti-TNF-α therapy in RA"""	"Allele A is associated with increased response to Tumor necrosis factor alpha (TNF-alpha) inhibitors in people with Arthritis	 Rheumatoid as compared to allele G."
rs396991	FCGR3A	rituximab	https://pubmed.ncbi.nlm.nih.gov/37114884/	yes	described in table 2 for VV+VF vs FF	"Genotypes AC + CC is associated with increased response to rituximab in people with Arthritis	 Rheumatoid as compared to genotype AA."
rs1801274	FCGR2A	abatacept; rituximab; tocilizumab; Tumor necrosis factor alpha (TNF-alpha) inhibitors	https://pubmed.ncbi.nlm.nih.gov/37114884/	yes	described in table 3 for RR+RH vs HH	"Genotypes AG + GG is associated with increased response to abatacept	 rituximab	 tocilizumab or Tumor necrosis factor alpha (TNF-alpha) inhibitors in people with Arthritis	 Rheumatoid as compared to genotype AA."
rs7975232	VDR	adalimumab; certolizumab pegol; etanercept; golimumab; infliximab	https://pubmed.ncbi.nlm.nih.gov/39522115/	yes	"""However	 the rs7975232 CC homozygotes; seemed to be related to higher DAS28 values after 6 months of treatment when compared to the AC genotype (AC vs.; CC	 p = 0.025) or those with the A variant (AA + AC vs. CC	; p = 0.030). Both results were insignificant after the Bonferroni; correction. Interestingly	 the A allele was statistically more; often observed among individuals who achieved remission; (DAS28 = < 2.6) after 6 months of therapy	 as shown by; the dominant (AA + AC vs. CC	 p = 0.004; Fisher’s exact; test) and the codominant (AC vs. CC	 p = 0.008; AA vs. CC	; p = 0.016; Fisher’s exact test) models."""	"Genotypes AA + AC is associated with increased clinical benefit to adalimumab	 certolizumab pegol	 etanercept	 golimumab or infliximab in people with Arthritis	 Rheumatoid as compared to genotype CC."
rs1045642	ABCB1	methotrexate	https://pubmed.ncbi.nlm.nih.gov/30983549/	yes	"Genotypes complemented to plus chromosomal strand. This was a meta-analysis so definition of responder/non-responder varied (some DAS28	 some ACR	 and other criteria) and it was not completely clear which direction the association was reported for."	"Genotype GG is associated with increased response to methotrexate in people with Arthritis	 Rheumatoid as compared to genotypes AA + AG."
rs11231809	SLC22A11	methotrexate	https://pubmed.ncbi.nlm.nih.gov/26086825/	yes	SLC22A11 rs11231809 T carrier is associated with increased risk of non-response to methotrexate.	"Genotypes AT + TT are associated with decreased response to methotrexate in people with Arthritis	 Rheumatoid as compared to genotype AA."
rs246240	ABCC1	methotrexate	https://pubmed.ncbi.nlm.nih.gov/26086825/	yes	ABCC1 rs246240 G carrier is associated with increased risk of non-response to methotrexate.	"Genotypes AG + GG are associated with decreased response to methotrexate in people with Arthritis	 Rheumatoid as compared to genotype AA."
rs3784864	ABCC1	methotrexate	https://pubmed.ncbi.nlm.nih.gov/26086825/	yes	ABCC1 rs3784864 G carrier is associated with increased risk of non-response to methotrexate.	"Genotypes AG + GG are associated with decreased response to methotrexate in people with Arthritis	 Rheumatoid as compared to genotype AA."
rs3761847	TRAF1	Tumor necrosis factor alpha (TNF-alpha) inhibitors	https://pubmed.ncbi.nlm.nih.gov/25834819/	yes	using either the absolute change in DAS28 or the proportion of good responders and non-responders as outcomes. The G allele is also a susceptibility factor for RA related to TNF signaling.	"Allele G is associated with decreased response to Tumor necrosis factor alpha (TNF-alpha) inhibitors in people with Arthritis	 Rheumatoid as compared to allele A."
rs1801274	FCGR2A	rituximab	https://pubmed.ncbi.nlm.nih.gov/30457672/	yes	"The AA genotype was associated with improved EULAR response and improved remission at 6 months	 improved EULAR response and improvement in DAS28 at 12 months and improvements EULAR response and DAS28 at 18 months.; Please note that alleles have been complemented to the positive strand."	"Genotype AA is associated with increased response to rituximab in people with Arthritis	 Rheumatoid as compared to genotypes AG + GG."
rs396991	FCGR3A	rituximab	https://pubmed.ncbi.nlm.nih.gov/30457672/	yes	"Presence of the C allele was associated with an improved low disease activity rate and an improvement in DAS28 at 18 months of treatment	 but not at 6 or 12 months of treatment.; Please note that alleles have been complemented to the positive strand."	"Genotypes AC + CC are associated with increased response to rituximab in people with Arthritis	 Rheumatoid as compared to genotype AA."
rs396991	FCGR3A	tocilizumab	https://pubmed.ncbi.nlm.nih.gov/30457672/	yes	"The AA genotype was associated with an increased EULAR response at 12 months of treatment with tocilzumab	 but not at 6 months or 18 months of treatment.; Please note that alleles have been complemented to the positive strand."	"Genotype AA is associated with increased response to tocilizumab in people with Arthritis	 Rheumatoid as compared to genotypes AC + CC."
rs2233945	PSORS1C1	etanercept	https://pubmed.ncbi.nlm.nih.gov/28107378/	yes	The degree of response was determined by EULAR score.; A significant association between rs2233945 and response to etanercept was seen at six months after beginning treatment. No significant association was seen at two years after beginning treatment.; No significant associations were seen at either time point when response was measured as number of patients in remission or with low disease activity.	"Allele C is associated with decreased response to etanercept in people with Arthritis	 Rheumatoid as compared to allele A."
rs7574865	STAT4	etanercept	https://pubmed.ncbi.nlm.nih.gov/28107378/	yes	The degree of response was determined by EULAR score.; A significant association between rs7574865 and response to etanercept was seen at two years after beginning treatment. No significant association was seen at six months after beginning treatment.; No significant associations were seen at either time point when response was measured as number of patients in remission or with low disease activity.	"Allele T is associated with decreased response to etanercept in people with Arthritis	 Rheumatoid as compared to allele G."
rs1800629	TNF	etanercept	https://pubmed.ncbi.nlm.nih.gov/18713756/	yes	"Patients with the AG and GG genotype had a greater decrease in Disease Activity Score in 28 joints (DAS28) between baseline and 6 months of treatment	 as compared to those with the AA genotype. Linear regression analysis	 adjusted for baseline DAS28	 among other factors. Additionally	 patients with the AG and GG genotype were also more frequent in the group classified as having a ""good"" response according to the EULAR criteria	 as compared to those with the AA genotype."	"Genotypes AG + GG is associated with increased response to etanercept in people with Arthritis	 Rheumatoid as compared to genotype AA."
rs1267067	TANK	adalimumab	https://pubmed.ncbi.nlm.nih.gov/28639493/	yes	No information	"Genotype CC is associated with increased response to adalimumab in people with Arthritis	 Rheumatoid as compared to genotypes CT + TT."
rs25648	VEGFA	adalimumab	https://pubmed.ncbi.nlm.nih.gov/28639493/	yes	No information	"Allele T is associated with increased response to adalimumab in people with Arthritis	 Rheumatoid as compared to allele C."
rs361525	TNF	infliximab	https://pubmed.ncbi.nlm.nih.gov/18713756/	yes	"Patients with the GG genotype were also more frequent in the group classified as having a ""good"" response according to the EULAR criteria	 as compared to those with the AG genotype. Additionally	 patients with the GG genotype had a greater decrease in Disease Activity Score in 28 joints (DAS28) between baseline and 6 months of treatment	 as compared to those with the AG genotype	 but this was not significant in univariate linear regression analysis	 adjusted for baseline DAS28	 among other factors. No patients with the AA genotype present in the population."	"Genotype GG is associated with increased response to infliximab in people with Arthritis	 Rheumatoid as compared to genotype AG."
rs2230926	TNFAIP3	adalimumab	https://pubmed.ncbi.nlm.nih.gov/28639493/	yes	No information	"Allele T is associated with increased response to adalimumab in people with Arthritis	 Rheumatoid as compared to allele G."
rs1799724	TNF	Tumor necrosis factor alpha (TNF-alpha) inhibitors	https://pubmed.ncbi.nlm.nih.gov/25311255/	yes	"At week 24 of treatment	 DAS28 was significantly lower in those with the TT genotype as compared to those who carried the C allele	 although there was no significant difference in the remission rate."	"Genotype TT is associated with increased response to Tumor necrosis factor alpha (TNF-alpha) inhibitors in people with Arthritis	 Rheumatoid as compared to genotypes CC + CT."
rs1801274	FCGR2A	adalimumab	https://pubmed.ncbi.nlm.nih.gov/25823785/	yes	as measured by DAS28 after 14 weeks treatment.	"Allele A is associated with increased response to adalimumab in people with Arthritis	 Rheumatoid as compared to allele G."
rs1800795	IL6	adalimumab; etanercept; infliximab	https://pubmed.ncbi.nlm.nih.gov/24253594/	yes	No information	"Allele G is associated with increased response to adalimumab	 etanercept or infliximab in people with Arthritis	 Rheumatoid as compared to allele C."
rs1800896	IL10	etanercept	https://pubmed.ncbi.nlm.nih.gov/12759288/	yes	"When this genotype is combined with the rs1800629 GG genotype. Those with the CC-GG combination genotype were more likely to be responders to treatment	 as compared to those with any other combination of genotypes. However	 no significant difference in genotype frequencies was seen between responders and non-responders when considering the rs1800629 or 1800896 SNPs alone. Responders defined using the American College of Rheumatology (ACR) response criteria and response criteria based on the modified disease activity score (DAS)28 index. Non-responders failed to fulfill both these criteria."	"Genotype CC is associated with increased response to etanercept in people with Arthritis	 Rheumatoid as compared to genotypes CT + TT."
rs1800471	TGFB1	etanercept	https://pubmed.ncbi.nlm.nih.gov/12759288/	yes	"When combined with the IL1RN VNTR in intron 2	 A2 allele (no rsID available). Those with the CG-A2 positive combined genotype were more likely to be non-responders to treatment	 as compared to those with any other combination of genotypes. However	 no significant difference in genotype frequencies was seen between responders and non-responders when considering the rs1800471 SNP or IL1RN VNTR alone. Responders defined using the American College of Rheumatology (ACR) response criteria and response criteria based on the modified disease activity score (DAS)28 index. Non-responders failed to fulfill both these criteria."	"Genotype CG is associated with decreased response to etanercept in people with Arthritis	 Rheumatoid as compared to genotype GG."
rs1800629	TNF	etanercept	https://pubmed.ncbi.nlm.nih.gov/12759288/	yes	"When this genotype is combined with the rs1800896 CC genotype. Those with the GG-CC combination genotype were more likely to be responders to treatment	 as compared to those with any other combination of genotypes. However	 no significant difference in genotype frequencies was seen between responders and non-responders when considering the rs1800629 or 1800896 SNPs alone. Responders defined using the American College of Rheumatology (ACR) response criteria and response criteria based on the modified disease activity score (DAS)28 index. Non-responders failed to fulfill both these criteria."	"Genotype GG is associated with increased response to etanercept in people with Arthritis	 Rheumatoid as compared to genotypes AA + AG."
rs1800629	TNF	infliximab	https://pubmed.ncbi.nlm.nih.gov/12847678/	yes	"Good responders defined as patients whose disease activity score in 28 joints (DAS28) score improved by at least 1.2 at week 22 as compared to their DAS28 score before first infusion (EULAR criteria). Patients with the GG genotype were more likely to be good responders to infliximab treatment as compared to those with the AA or AG genotype. Additionally	 those with the GG genotype had a higher mean DAS28 improvement as compared to those with the AA or AG genotype after 22 weeks."	"Genotype GG is associated with increased response to infliximab in people with Arthritis	 Rheumatoid as compared to genotypes AA + AG."
rs1799724	TNF	etanercept	https://pubmed.ncbi.nlm.nih.gov/15695296/	yes	"Clinical efficacy assessed by percentage improvements (20	 50 or 70%) in disease activity according to the American College of Rheumatology (ACR) criteria at 12 weeks (i.e. ACR20	 ACR50	 ACR70). Patients who were ACR20 non-responders were compared against patients who were ACR70 responders. p-value adjusted for Korea Health Assessment Questionnaire (KHAQ) score at start of study and Patient's global assessment score at start of study. Please note that the p-value corrected for multiple testing (Bonferroni) is no longer significant (p=0.34)."	"Genotypes CT + TT is associated with increased response to etanercept in people with Arthritis	 Rheumatoid as compared to genotype CC."
rs1800629	TNF	infliximab	https://pubmed.ncbi.nlm.nih.gov/15834068/	yes	"Patients with the GG genotype had a significantly greater decrease in the Disease Activity Score in 28 joints (DAS28) score as compared to those with the AG genotype (no patients with the AA genotype were present in the cohort) after a mean of 24.8 months of treatment. The authors also noted a tendency of a better Health Assessment Questionnaire (HAQ) evolution (p=0.064)	 but no significant difference in radiological outcome (Sharp score)."	"Genotype GG is associated with increased response to infliximab in people with Arthritis	 Rheumatoid as compared to genotype AG."
rs1800629	TNF	adalimumab; etanercept; infliximab	https://pubmed.ncbi.nlm.nih.gov/16720636/	yes	"Response assessed after 24 weeks of treatment using the modified disease activity score (DAS28). Good response was a DAS28 improvement of >2.2 from baseline	 moderate response an improvement of >=1.2 and <=2.2	 and non-response as an improvement of <1.2. Patients with the GG genotype had the largest improvement in DAS28 score (2.72 +/- 0.70)	 following by those with the AG genotype (1.5 +/- 0.16) then those with the AA genotype (0.83 +/- 0.15). There was a significant difference in DAS28 improvement score between all genotypes."	"Genotype GG is associated with increased response to adalimumab	 etanercept or infliximab in people with Arthritis	 Rheumatoid as compared to genotypes AA + AG."
rs1800629	TNF	adalimumab	https://pubmed.ncbi.nlm.nih.gov/17343250/	yes	"After 24 weeks of treatment	 a greater percentage of those with the GG genotype were were responders to treatment	 as compared to those with the AG genotype. Response classified according to the Disease Activity Score in 28 joints (DAS28). Additionally	 those with the GG genotype had a greater DAS28 score improvement as compared to those with the AG genotype. No significant results were seen at week 8 or week 16 for either parameter	 or when considering improvement using the American College of Rheumatology (ACR) definition at week 8	 16 or 24."	"Genotype GG is associated with increased response to adalimumab in people with Arthritis	 Rheumatoid as compared to genotype AG."
rs16853826	ATIC	methotrexate	https://pubmed.ncbi.nlm.nih.gov/25084201/	yes	"Patients with the GG genotype had a median time to drug discontinuation due to toxicity of 169 months	 whereas this median time was not reached in patients with the AA or AG genotype."	"Genotype GG is associated with increased discontinuation of methotrexate in people with Arthritis	 Rheumatoid as compared to genotypes AA + AG."
rs20575	TNFRSF10A	infliximab	https://pubmed.ncbi.nlm.nih.gov/22480748/	yes	The CC genotype was associated with a better response after 3 and 6 months of treatment with infliximab. Response to therapy was assessed according to EULAR response criteria.	"Genotype CC is associated with increased response to infliximab in people with Arthritis	 Rheumatoid as compared to genotypes CG + GG."
rs1800629	TNF	etanercept	https://pubmed.ncbi.nlm.nih.gov/18050183/	yes	"A greater percentage of patients with the GG genotype were responders to treatment as compared to the AG genotype after 6 months and 1 year of treatment. Response assessed according to the Disease Activity Score in 28 joints (DAS28)	 where response was an improvement of >1.2. Additionally	 those with the GG genotype had a higher mean DAS28 score improvement at 6 months	 though this was a non-significant p-value. However	 those with the GG genotype had a significantly higher mean DAS28 score improvement after 1 year of treatment. The authors note that 13 patients had received infliximab previously without success	 which may have induced a bias in the study."	"Genotype GG is associated with increased response to etanercept in people with Arthritis	 Rheumatoid as compared to genotype AG."
rs20575	TNFRSF10A	adalimumab; etanercept; infliximab	https://pubmed.ncbi.nlm.nih.gov/22480748/	yes	The CC genotype was associated with a better response after 3 and 6 months of treatment with anti-TNFalpha drugs. Response to therapy was assessed according to EULAR response criteria.	"Genotype CC is associated with increased response to adalimumab	 etanercept and infliximab in people with Arthritis	 Rheumatoid as compared to genotypes CG + GG."
rs767455	TNFRSF1A	adalimumab; etanercept; infliximab	https://pubmed.ncbi.nlm.nih.gov/22480748/	yes	Patients with the TT genotype had poorer response to the anti-TNFalpha drugs after 3 months of treatment. Response to therapy was assessed according to EULAR response criteria. Please note alleles have been complemented to the plus chromosomal strand.	"Genotype TT is associated with decreased response to adalimumab	 etanercept and infliximab in people with Arthritis	 Rheumatoid as compared to genotypes CC + CT."
rs1800470	TGFB1	rituximab	https://pubmed.ncbi.nlm.nih.gov/22129793/	yes	"Patients with the AG genotype were more likely to be classified as ""responders"" to treatment	 as compared to those with the AA genotype. ""Responders"" had a post-rituximab disease activity score (DAS28) of lower than 5.1 and a DAS28 variation between baseline and post-treatment higher than 0.6. Combination with rs1800471 CG genotype led to an even higher probability of responding to treatment	 as compared to the AA genotype and rs1800471 GG genotype combined. Please note alleles have been complemented to the plus chromosomal strand."	"Genotype AG is associated with increased response to rituximab in people with Arthritis	 Rheumatoid as compared to genotype AA."
rs1800471	TGFB1	rituximab	https://pubmed.ncbi.nlm.nih.gov/22129793/	yes	"Patients with the CG genotype were more likely to be classified as ""responders"" to treatment	 as compared to those with the GG genotype. ""Responders"" had a post-rituximab disease activity score (DAS28) of lower than 5.1 and a DAS28 variation between baseline and post-treatment higher than 0.6. Combination with rs1800470 AG genotype led to an even higher probability of responding to treatment	 as compared to the GG genotype and rs1800470 AA genotype combined."	"Genotype CG is associated with increased response to rituximab in people with Arthritis	 Rheumatoid as compared to genotype GG."
rs2069705	IFNG	Tumor necrosis factor alpha (TNF-alpha) inhibitors	https://pubmed.ncbi.nlm.nih.gov/26111149/	yes	No information	"Allele G is associated with increased response to Tumor necrosis factor alpha (TNF-alpha) inhibitors in people with Arthritis	 Rheumatoid as compared to allele A."
rs767455	TNFRSF1A	Tumor necrosis factor alpha (TNF-alpha) inhibitors	https://pubmed.ncbi.nlm.nih.gov/25311255/	yes	"Significantly more patients with the homozygous TT genotype achieved a good response according to EULAR criteria (European League Against Rheumatism) after 3 months of treatment compared to patients who carried the C allele (p=0.011). Additionally	 after 6 months of treatment	 remission of disease or low disease activity was more frequently observed in patients with the TT genotype as compared to those with the CC genotype (p=0.04). Please note that alleles have been complemented to the plus chromosomal strand."	"Genotype TT is associated with decreased response to Tumor necrosis factor alpha (TNF-alpha) inhibitors in people with Arthritis	 Rheumatoid as compared to genotype CC."
rs2231142	ABCG2	sulfasalazine	https://pubmed.ncbi.nlm.nih.gov/24394199/	yes	"After adjusting for age	 baseline DAS28	 smoking status and shared epitope positivity	 those who carried one or more T allele were more likely to achieve remission after 12 months of treatment. Remission defined as an SDAI of <3.3. Please note that alleles have been complemented to the positive chromosomal strand."	"Genotypes GT + TT are associated with increased response to sulfasalazine in people with Arthritis	 Rheumatoid as compared to genotype GG."
rs11265618	IL6R	sarilumab	https://pubmed.ncbi.nlm.nih.gov/38001504/	yes	"""For rs4329505 and rs11265618	 the genetic model that best fit the data was the dominant model	 as patients homozygous for the wild-type allele (TT for rs4329505 and CC for rs11265618) showed better remission rates than the other patients; specifically	 remission rates (CDAI-LDA) were 73.5% vs. 44.4% (p = 0.039) and the quantitative improvement in DAS28 was 2.9 vs. 2.0 (p = 0.048). No significant differences were found for DAS28 LDA	 CDAI improvement	 and/or EULAR response rates."" ""A linked inheritance was observed between rs4329505 and rs11265618	 as all individuals carrying the T allele for rs4329505 also had the C allele for rs11265618	 and vice versa. """	"Genotype CC is associated with increased response to sarilumab in people with Arthritis	 Rheumatoid as compared to genotypes CT + TT."
rs4329505	IL6R	sarilumab	https://pubmed.ncbi.nlm.nih.gov/38001504/	yes	"""For rs4329505 and rs11265618	 the genetic model that best fit the data was the dominant model	 as patients homozygous for the wild-type allele (TT for rs4329505 and CC for rs11265618) showed better remission rates than the other patients; specifically	 remission rates (CDAI-LDA) were 73.5% vs. 44.4% (p = 0.039) and the quantitative improvement in DAS28 was 2.9 vs. 2.0 (p = 0.048). No significant differences were found for DAS28 LDA	 CDAI improvement	 and/or EULAR response rates."" ""A linked inheritance was observed between rs4329505 and rs11265618	 as all individuals carrying the T allele for rs4329505 also had the C allele for rs11265618	 and vice versa. """	"Genotype TT is associated with increased response to sarilumab in people with Arthritis	 Rheumatoid as compared to genotypes CC + CT."
rs1052248	NCR3	adalimumab; certolizumab pegol; etanercept; infliximab; Tumor necrosis factor alpha (TNF-alpha) inhibitors	https://pubmed.ncbi.nlm.nih.gov/38714580/	yes	""" a more favorable impact of the rs1052248 T allele was also seen in; RA patients concerning the anti-TNF treatment outcome"""	"Genotypes AT + TT is associated with increased clinical benefit to adalimumab	 certolizumab pegol	 etanercept	 infliximab or Tumor necrosis factor alpha (TNF-alpha) inhibitors in people with Arthritis	 Rheumatoid as compared to genotype AA."
rs1061622	TNFRSF1B	infliximab	https://pubmed.ncbi.nlm.nih.gov/18565259/	yes	Only the abstract of this article is available.	"Allele G is associated with decreased response to infliximab in people with Arthritis	 Rheumatoid as compared to allele T."
rs12083537	IL6R	tocilizumab	https://pubmed.ncbi.nlm.nih.gov/30647443/	yes	"For patients from the TOCI cohort - 87.5% of patients with the AA genotype experienced a EULAR response to tocilizumab as compared to 72.2% of patients with the AG or GG genotype. These results were replicated in patients in the ROC cohort. The same association was observed	 with the percentages being 89.2% and 65.2%	 respectively. Meta-analysis of both studies remained consistent (p=0.001	 OR=0.35)."	"Genotype AA is associated with increased response to tocilizumab in people with Arthritis	 Rheumatoid as compared to genotypes AG + GG."
rs13393173	CERS6	adalimumab; certolizumab pegol; etanercept; infliximab; Tumor necrosis factor alpha (TNF-alpha) inhibitors	https://pubmed.ncbi.nlm.nih.gov/33124499/	yes	"as measured by change in 2C-DAS28. Table 2 shows change was a negative value for this variant suggesting decreased 2C-DAS28 and increased response	 it was not attributed to a particular allele at this rs number location so assumed minor allele based on dbSNP frequencies."	"Allele A is associated with increased response to adalimumab	 certolizumab pegol	 etanercept	 infliximab or Tumor necrosis factor alpha (TNF-alpha) inhibitors in people with Arthritis	 Rheumatoid as compared to allele G."
rs885814	ALPL	adalimumab; certolizumab pegol; etanercept; infliximab; Tumor necrosis factor alpha (TNF-alpha) inhibitors	https://pubmed.ncbi.nlm.nih.gov/33124499/	yes	"as measured by change in 2C-DAS28. Table 2 shows change was a positive value for this variant suggesting increased 2C-DAS28 and less response	 it was not attributed to a particular allele at this rs number location so assumed minor allele based on dbSNP frequencies."	"Allele T is associated with decreased response to adalimumab	 certolizumab pegol	 etanercept	 infliximab or Tumor necrosis factor alpha (TNF-alpha) inhibitors in people with Arthritis	 Rheumatoid as compared to allele C."
rs1350948	No information	adalimumab; certolizumab pegol; etanercept; infliximab; Tumor necrosis factor alpha (TNF-alpha) inhibitors	https://pubmed.ncbi.nlm.nih.gov/33124499/	yes	"as measured by change in 2C-DAS28. Table 2 shows change was a negative value for this variant suggesting decreased 2C-DAS28 and increased response	 it was not attributed to a particular allele at this rs number location so assumed minor allele based on dbSNP frequencies."	"Allele A is associated with increased response to adalimumab	 certolizumab pegol	 etanercept	 infliximab or Tumor necrosis factor alpha (TNF-alpha) inhibitors in people with Arthritis	 Rheumatoid as compared to allele G."
rs17301249	EYA4	adalimumab; certolizumab pegol; etanercept; infliximab; Tumor necrosis factor alpha (TNF-alpha) inhibitors	https://pubmed.ncbi.nlm.nih.gov/33124499/	yes	"as measured by change in 2C-DAS28. Table 2 shows change was a positive value for this variant suggesting increased 2C-DAS28 and less response	 it was not attributed to a particular allele at this rs number location so assumed minor allele based on dbSNP frequencies."	"Allele C is associated with decreased response to adalimumab	 certolizumab pegol	 etanercept	 infliximab or Tumor necrosis factor alpha (TNF-alpha) inhibitors in people with Arthritis	 Rheumatoid as compared to allele G."
rs12081765	No information	adalimumab; certolizumab pegol; etanercept; infliximab; Tumor necrosis factor alpha (TNF-alpha) inhibitors	https://pubmed.ncbi.nlm.nih.gov/33124499/	yes	"as measured by change in 2C-DAS28. Table 2 shows change was a negative value for this variant suggesting decreased 2C-DAS28 and increased response	 it was not attributed to a particular allele at this rs number location so assumed minor allele based on dbSNP."	"Allele G is associated with increased response to adalimumab	 certolizumab pegol	 etanercept	 infliximab or Tumor necrosis factor alpha (TNF-alpha) inhibitors in people with Arthritis	 Rheumatoid as compared to allele A."
rs12083537	IL6R	tocilizumab	https://pubmed.ncbi.nlm.nih.gov/24978393/	yes	"Response was defined as changes in swollen joint count (SJC). The genotype was NOT associated with  EULAR-response	 and median tender joint count	 levels of circulating C-reactive protein	 and disease activity (DAS28-CRP) as other response parameter."	"Genotype AA is associated with decreased response to tocilizumab in people with Arthritis	 Rheumatoid as compared to genotype AG."
rs4329505	IL6R	tocilizumab	https://pubmed.ncbi.nlm.nih.gov/24978393/	yes	"Response was defined as changes in swollen joint count (SJC). The genotype was  NOT associated with  EULAR-response	 and median tender joint count	 levels of circulating C-reactive protein	 and disease activity (DAS28-CRP) as other response parameter."	"Genotypes CC + CT is associated with decreased response to tocilizumab in people with Arthritis	 Rheumatoid as compared to genotype TT."
rs4845625	IL6R	sarilumab	https://pubmed.ncbi.nlm.nih.gov/38001504/	yes	"""Patients carrying the CC genotype for rs4845625 had worse response rates to sarilumab as measured by CDAI and DAS28 LDA rates (45.5% and 52.4% vs. 76.7% and 80% in the CT + TT genotypes	 respectively; p = 0.021 and p = 0.037)."""	"Genotype CC is associated with decreased response to sarilumab in people with Arthritis	 Rheumatoid as compared to genotypes CT + TT."
rs4910008	GALNT18	tocilizumab	https://pubmed.ncbi.nlm.nih.gov/27339827/	yes	"Patients had previously been treated with disease-modifying anti rheumatic drugs (DMARD)	 and 68.4% had tried at least one Biological therapy. Tocilizumab was administered intravenously. Concomitant glucocorticoid and DMARD was prescribed in 92.4% and 55.7% of patients	 respectively. Efficacy measured by remission at 6 months."	"Genotype CC is associated with increased response to tocilizumab in people with Arthritis	 Rheumatoid as compared to genotypes CT + TT."
rs11052877	CD69	tocilizumab	https://pubmed.ncbi.nlm.nih.gov/27339827/	yes	"Patients had previously been treated with disease-modifying anti rheumatic drugs (DMARD)	 and 68.4% had tried at least one Biological therapy. Tocilizumab was administered intravenously. Concomitant glucocorticoid and DMARD was prescribed in 92.4% and 55.7% of patients	 respectively. Efficacy measured low disease activity at 6 months."	"Allele A is associated with increased response to tocilizumab in people with Arthritis	 Rheumatoid as compared to allele G."
rs2043211	CARD8	etanercept; infliximab	https://pubmed.ncbi.nlm.nih.gov/37332933/	yes	"caution	 this is an A/T SNP in a gene on the minus strand. Authors show T as minor allele which suggests is reported on plus strand. Responders = ΔDAS-28 ≥ 1.2 and DAS-28 ≤ 3.2	 Non-responders = ΔDAS-28 ≤ 1.2 and DAS28 ≤ 5.1 (Table 1)"	"Genotype TT is associated with decreased response to etanercept or infliximab in people with Arthritis	 Rheumatoid as compared to genotypes AA + AT."
rs4612666	NLRP3	etanercept; infliximab	https://pubmed.ncbi.nlm.nih.gov/37332933/	yes	"Responders = ΔDAS-28 ≥ 1.2 and DAS-28 ≤ 3.2	 Non-responders = ΔDAS-28 ≤ 1.2 and DAS28 ≤ 5.1 (Table 1)"	"Genotype TT is associated with decreased response to etanercept or infliximab in people with Arthritis	 Rheumatoid as compared to genotypes CC + CT."
rs1800629	TNF	adalimumab; etanercept; infliximab; Tumor necrosis factor alpha (TNF-alpha) inhibitors	https://pubmed.ncbi.nlm.nih.gov/19365401/	yes	No information	"Allele A is associated with decreased response to adalimumab	 etanercept	 infliximab or Tumor necrosis factor alpha (TNF-alpha) inhibitors in people with Arthritis	 Rheumatoid as compared to allele G."
rs10919563	PTPRC	adalimumab; etanercept; infliximab	https://pubmed.ncbi.nlm.nih.gov/20309874/	yes	No information	"Allele G is associated with increased response to adalimumab	 etanercept or infliximab in people with Arthritis	 Rheumatoid as compared to allele A."
rs352139	TLR9	adalimumab; etanercept; infliximab; Tumor necrosis factor alpha (TNF-alpha) inhibitors	https://pubmed.ncbi.nlm.nih.gov/34635730/	yes	"Authors report variant as significantly associated with remission	 and define remission as ""DAS-28 score of less than 2.6 after 6 months of TNF-α inhibitor therapy."""	"Genotypes CT + TT is associated with increased response to adalimumab	 etanercept	 infliximab or Tumor necrosis factor alpha (TNF-alpha) inhibitors in people with Arthritis	 Rheumatoid as compared to genotype CC."
rs1264457	HLA-E	adalimumab; certolizumab pegol; etanercept; glucocorticoids; infliximab; methotrexate	https://pubmed.ncbi.nlm.nih.gov/26307125/	yes	Response measured after 12 weeks of treatment. Alleles described as HLA-E *01:03:01 and *01:03:02.	"Genotype AA is associated with increased response to adalimumab	 certolizumab pegol	 etanercept	 glucocorticoids	 infliximab or methotrexate in women with Arthritis	 Rheumatoid as compared to genotypes AG + GG."
rs1059150	ATP5F1E	adalimumab; certolizumab pegol; etanercept; glucocorticoids; infliximab; methotrexate	https://pubmed.ncbi.nlm.nih.gov/26307125/	yes	Response measured after 12 weeks of treatment. Alleles described as HLA-E *01:01 and *01:03.	"Genotype GG is associated with decreased response to adalimumab	 certolizumab pegol	 etanercept	 glucocorticoids	 infliximab or methotrexate in women with Arthritis	 Rheumatoid as compared to genotype TT."
rs4910008	GALNT18	tocilizumab	https://pubmed.ncbi.nlm.nih.gov/39718059/	yes	"""After multivariable analysis	 the major alleles of IL6R rs35717427 (G/G + A/G versus A/A	 RR = 0.78	 95 % CI = 0.62 – 0.98	 P = 0.03) and GALNT18 rs4910008 (G/G + A/G versus A/A	 RR = 1.53	 95 % CI = 1.04–2.26	 P = 0.03) were found to be significantly associated with CDAI LDA under dominant models (Fig. 1	 Supplementary Table 3)."" Table S3 lists for CC + CT for rs4910008"	Genotypes CC + CT is associated with increased clinical benefit to tocilizumab in people with Rheumatoid arthritis as compared to genotype TT.
rs2069840	IL6	tocilizumab	https://pubmed.ncbi.nlm.nih.gov/39718059/	yes	"""Moreover	 IL6 rs2069840 was also found to be significantly associated with DAS28-ESR remission (C/C versus C/G	 RR = 0.57	 95 % CI = 0.33–0.96	 P = 0.04) (Fig. 5	 Supplementary Table 11)."""	Genotype CC is associated with decreased clinical benefit to tocilizumab in people with Rheumatoid arthritis as compared to genotype CG.
rs1801131	MTHFR	methotrexate	https://pubmed.ncbi.nlm.nih.gov/25618758/	yes	"Alleles given as C and A. Efficacy of treatment was measured as change of DAS28 from start of treatment to 6months after initiation of treatment. Effect seen in patients receiving monotherapy for methotrexate. In combination with MTHFR A1298C	 patients with 677CC-1298CC or 677TT-1298AA had better response to methotrexate by DAS28 change. (p=0.013)."	"Genotype GT is associated with decreased response to methotrexate in people with Arthritis	 Rheumatoid as compared to genotype TT."
rs1061622	TNFRSF1B	Tumor necrosis factor alpha (TNF-alpha) inhibitors	https://pubmed.ncbi.nlm.nih.gov/25850964/	yes	"Treatments included Methotrexate	 Leflunomide	 Sulfasalazine	 Infliximab	  Etanercept	 Adalimumab	 Abatacept	 Rituximab	 Tocilimumab	 and others."	"Genotype GG is associated with decreased response to Tumor necrosis factor alpha (TNF-alpha) inhibitors in people with Arthritis	 Rheumatoid as compared to genotypes GT + TT."
rs3397	TNFRSF1B	Tumor necrosis factor alpha (TNF-alpha) inhibitors	https://pubmed.ncbi.nlm.nih.gov/25850964/	yes	"Treatments included Methotrexate	 Leflunomide	 Sulfasalazine	 Infliximab	  Etanercept	 Adalimumab	 Abatacept	 Rituximab	 Tocilimumab	 and others."	"Genotype CC is associated with decreased response to Tumor necrosis factor alpha (TNF-alpha) inhibitors in people with Arthritis	 Rheumatoid as compared to genotypes CT + TT."
rs1061631	TNFRSF1B	Tumor necrosis factor alpha (TNF-alpha) inhibitors	https://pubmed.ncbi.nlm.nih.gov/25850964/	yes	"Treatments included Methotrexate	 Leflunomide	 Sulfasalazine	 Infliximab	  Etanercept	 Adalimumab	 Abatacept	 Rituximab	 Tocilimumab	 and others."	"Genotype AA is associated with decreased response to Tumor necrosis factor alpha (TNF-alpha) inhibitors in people with Arthritis	 Rheumatoid as compared to genotypes AG + GG."
rs1801133	MTHFR	methotrexate	https://pubmed.ncbi.nlm.nih.gov/25618758/	yes	"Alleles given as C and T. Efficacy of treatment was measured as change of DAS28 from start of treatment to 6months after initiation of treatment. Effect seen in patients receiving monotherapy for methotrexate. In combination with MTHFR A1298C	 patients with 677CC-1298CC or 677TT-1298AA had better response to methotrexate by DAS28 change. (p=0.013)."	"Genotype AG is associated with decreased response to methotrexate in people with Arthritis	 Rheumatoid as compared to genotypes AA + GG."
rs3397	TNFRSF1B	Tumor necrosis factor alpha (TNF-alpha) inhibitors	https://pubmed.ncbi.nlm.nih.gov/25850964/	yes	"Treatments included Methotrexate	 Leflunomide	 Sulfasalazine	 Infliximab	  Etanercept	 Adalimumab	 Abatacept	 Rituximab	 Tocilimumab	 and others."	"Allele C is associated with decreased response to Tumor necrosis factor alpha (TNF-alpha) inhibitors in people with Arthritis	 Rheumatoid as compared to allele T."
rs4673993	ATIC	methotrexate	https://pubmed.ncbi.nlm.nih.gov/24967362/	yes	"""ATIC 675T carriers were associated with over 4-fold increased risk for nonresponse. """	"Genotype CC is associated with increased response to methotrexate in people with Arthritis	 Rheumatoid as compared to genotypes CT + TT."
rs1801133	MTHFR	methotrexate	https://pubmed.ncbi.nlm.nih.gov/24967362/	yes	"""MTHFR 677TT ... associated with over 4-fold increased risk for nonresponse. "" Alleles complemented to plus chromosomal strand."	"Genotypes AG + GG is associated with increased response to methotrexate in people with Arthritis	 Rheumatoid as compared to genotype AA."
rs1801133	CLCN6; MTHFR	methotrexate	https://pubmed.ncbi.nlm.nih.gov/27676277/	yes	Non-response was classified by DAS28 >3.2 at two consecutive evaluations (minimum period of at least 6 months of MTX therapy).	"Genotype AA is associated with decreased response to methotrexate in people with Arthritis	 Rheumatoid as compared to genotypes AG + GG."
rs1801131	C1orf167; CLCN6; MTHFR	methotrexate	https://pubmed.ncbi.nlm.nih.gov/27676277/	yes	Non-response was classified by DAS28 >3.2 at two consecutive evaluations (minimum period of at least 6 months of MTX therapy).	"Genotype TT is associated with decreased response to methotrexate in people with Arthritis	 Rheumatoid as compared to genotypes GG + GT."
rs1805087	MTR	methotrexate	https://pubmed.ncbi.nlm.nih.gov/27676277/	yes	Non-response was classified by DAS28 >3.2 at two consecutive evaluations (minimum period of at least 6 months of MTX therapy).	"Genotype AA is associated with decreased response to methotrexate in people with Arthritis	 Rheumatoid as compared to genotypes AG + GG."
rs9904341	BIRC5	methotrexate	https://pubmed.ncbi.nlm.nih.gov/26651826/	yes	"Authors state this significance is marginal and only in the multivariate model not the univariate model after 6 months of treatment. Response was binned into three groups (good	 moderate	 poor) based on DAS28 score and DAS28 improvement after 6 months. CC vs GG was looked at separately and was not significant."	"Genotype CG is associated with increased response to methotrexate in people with Arthritis	 Rheumatoid as compared to genotype GG."
rs1801394	FASTKD3; MTRR	methotrexate	https://pubmed.ncbi.nlm.nih.gov/27676277/	yes	Non-response was classified by DAS28 >3.2 at two consecutive evaluations (minimum period of at least 6 months of MTX therapy).	"Genotypes AA + AG is associated with decreased response to methotrexate in people with Arthritis	 Rheumatoid as compared to genotype GG."
rs12995526	ATIC	methotrexate	https://pubmed.ncbi.nlm.nih.gov/27676277/	yes	Non-response was classified by DAS28 >3.2 at two consecutive evaluations (minimum period of at least 6 months of MTX therapy).	"Genotypes CT + TT is associated with decreased response to methotrexate in people with Arthritis	 Rheumatoid as compared to genotype CC."
rs7563206	ATIC	methotrexate	https://pubmed.ncbi.nlm.nih.gov/27676277/	yes	Non-response was classified by DAS28 >3.2 at two consecutive evaluations (minimum period of at least 6 months of MTX therapy).	"Genotypes CT + TT is associated with decreased response to methotrexate in people with Arthritis	 Rheumatoid as compared to genotype CC."
rs2372536	ATIC	methotrexate	https://pubmed.ncbi.nlm.nih.gov/27676277/	yes	Non-response was classified by DAS28 >3.2 at two consecutive evaluations (minimum period of at least 6 months of MTX therapy).	"Genotypes CC + CG is associated with decreased response to methotrexate in people with Arthritis	 Rheumatoid as compared to genotype GG."
rs4673993	ATIC	methotrexate	https://pubmed.ncbi.nlm.nih.gov/27676277/	yes	Non-response was classified by DAS28 >3.2 at two consecutive evaluations (minimum period of at least 6 months of MTX therapy).	"Genotypes CT + TT is associated with decreased response to methotrexate in people with Arthritis	 Rheumatoid as compared to genotype CC."
rs7301582	KLRC1	adalimumab; certolizumab pegol; etanercept; glucocorticoids; infliximab; methotrexate	https://pubmed.ncbi.nlm.nih.gov/26453102/	yes	Response measured 12 weeks after initiation of therapy.	"Genotype CC is associated with decreased response to adalimumab	 certolizumab pegol	 etanercept	 glucocorticoids	 infliximab or methotrexate in people with Arthritis	 Rheumatoid as compared to genotypes CT + TT."
rs2302489	KLRD1	adalimumab; certolizumab pegol; etanercept; glucocorticoids; infliximab; methotrexate	https://pubmed.ncbi.nlm.nih.gov/26453102/	yes	Response measured 12 weeks after initiation of therapy.	"Genotype TT is associated with decreased response to adalimumab	 certolizumab pegol	 etanercept	 glucocorticoids	 infliximab or methotrexate in people with Arthritis	 Rheumatoid as compared to genotypes AA + AT."
rs1051792	MICA	Tumor necrosis factor alpha (TNF-alpha) inhibitors	https://pubmed.ncbi.nlm.nih.gov/32123296/	yes	"The association was significant at 3 months following treatment initiation	 but significance was lost at the 6 month timepoint."	"Genotype AG is associated with increased response to Tumor necrosis factor alpha (TNF-alpha) inhibitors in people with Arthritis	 Rheumatoid as compared to genotypes AA + GG."
rs1799724	TNF	adalimumab	https://pubmed.ncbi.nlm.nih.gov/17673491/	yes	When in a haplotype with rs1800629 and rs361525.  Response defined as a 50% percent response to adalimumab therapy according to the American College of Rheumatology criteria (ACR50 responders) at week 12 after treatment initiation. Those homozygous for the GGC (rs361525-rs1800629-rs1799724) haplotype had a significantly lower ACR50 response rate as compared to subjects with any other diplotype (see paper for diplotypes present in population). This effect was more important in a subgroup of patients receiving concomitant methotrexate.	"Genotype CC is associated with decreased response to adalimumab in people with Arthritis	 Rheumatoid."
rs1051792	MICA	Tumor necrosis factor alpha (TNF-alpha) inhibitors	https://pubmed.ncbi.nlm.nih.gov/32123296/	yes	"The association was significant at 3 months following treatment initiation	 but significance was lost at the 6 month timepoint."	"Genotype GG is associated with decreased response to Tumor necrosis factor alpha (TNF-alpha) inhibitors in people with Arthritis	 Rheumatoid as compared to genotypes AA + AG."
rs1800629	TNF	adalimumab	https://pubmed.ncbi.nlm.nih.gov/17673491/	yes	When in a haplotype with rs1799724 and rs361525. Response defined as a 50% percent response to adalimumab therapy according to the American College of Rheumatology criteria (ACR50 responders) at week 12 after treatment initiation. Those homozygous for the GGC (rs361525-rs1800629-rs1799724) haplotype had a significantly lower ACR50 response rate as compared to subjects with any other diplotype (see paper for diplotypes present in population). This effect was more important in a subgroup of patients receiving concomitant methotrexate.	"Genotype GG is associated with decreased response to adalimumab in people with Arthritis	 Rheumatoid."
rs361525	TNF	adalimumab	https://pubmed.ncbi.nlm.nih.gov/17673491/	yes	When in a haplotype with rs1800629 and rs1799724.  Response defined as a 50% percent response to adalimumab therapy according to the American College of Rheumatology criteria (ACR50 responders) at week 12 after treatment initiation. Those homozygous for the GGC (rs361525-rs1800629-rs1799724) haplotype had a significantly lower ACR50 response rate as compared to subjects with any other diplotype (see paper for diplotypes present in population). This effect was more important in a subgroup of patients receiving concomitant methotrexate.	"Genotype GG is associated with decreased response to adalimumab in people with Arthritis	 Rheumatoid."
rs17004921	ADORA2A-AS1	methotrexate	https://pubmed.ncbi.nlm.nih.gov/32448869/	yes	"Patients with the CT or TT genotypes had significantly greater decreases in DAS28 score than patients with the CC genotype. However	 there was no significant difference in genotype frequency between patients deemed to be responders and those determined to be non-responders."	"Genotypes CT + TT are associated with increased response to methotrexate in people with Arthritis	 Rheumatoid as compared to genotype CC."
rs1801131	MTHFR	methotrexate	https://pubmed.ncbi.nlm.nih.gov/26616421/	yes	No information	"Genotypes GT + TT is associated with increased response to methotrexate in people with Arthritis	 Rheumatoid as compared to genotype GG."
rs1051266	SLC19A1	methotrexate	https://pubmed.ncbi.nlm.nih.gov/26616421/	yes	No information	"Genotypes CT + TT is associated with increased response to methotrexate in people with Arthritis	 Rheumatoid as compared to genotype CC."
rs1801131	MTHFR	methotrexate	https://pubmed.ncbi.nlm.nih.gov/27992285/	yes	No information	"Genotype GG is associated with decreased response to methotrexate in people with Arthritis	 Rheumatoid as compared to genotypes GT + TT."
rs11265618	IL6R	tocilizumab	https://pubmed.ncbi.nlm.nih.gov/27958380/	yes	"Patients with the CC genotype had better low disease activity (LDA) response at 12 months of treatment as compared to those with the CT and TT genotype. However	 no significant association with European League Against Rheumatism (EULAR) response	 remission response	 or DAS28 improvement was seen."	"Genotype CC is associated with increased response to tocilizumab in people with Arthritis	 Rheumatoid as compared to genotypes CT + TT."
rs12083537	IL6R	tocilizumab	https://pubmed.ncbi.nlm.nih.gov/27958380/	yes	"Patients with the AA genotype had better low disease activity (LDA) response at 12 months of treatment as compared to those with the AG and GG genotype. However	 no significant association with European League Against Rheumatism (EULAR) response or remission response was seen. There was an allelic association with DAS28 improvement	 where patients with the A allele had higher improvement in DAS28 as compared to patients with the G allele (p=0.027)."	"Genotype AA is associated with increased response to tocilizumab in people with Arthritis	 Rheumatoid as compared to genotypes AG + GG."
rs2372536	ATIC	methotrexate	https://pubmed.ncbi.nlm.nih.gov/38071832/	yes	"""A meta-analysis revealed a significant correlation between the ATIC 347 GG genotype and a failure to respond to MTX treatment (OR = 0.741	 95% CI = 0.591–0.929	 p = 0.009)"""	"Genotype GG is associated with decreased response to methotrexate in people with Arthritis	 Rheumatoid as compared to genotypes CC + CG."
rs3213422	DHODH	leflunomide	https://pubmed.ncbi.nlm.nih.gov/34747629/	yes	"""79 patients (74 females and five males)	 ... Seventy patients (88.6% of patients) were receiving leflunomide only; five patients (6.3%) were receiving additionally prednisolone	 while nine patients (11.4%) were receiving combined hydroxychloroquine and leflunomide."" Authors compared genotypes between ""Controlled"" RA	 DAS 28 score of 3.2 or less and ""Poorly controlled"" RA with DAS 28 of 3.2 and above."	"Genotype CC is associated with increased clinical benefit to leflunomide in people with Arthritis	 Rheumatoid as compared to genotypes AA + AC."
rs1800629	TNF	adalimumab; etanercept; infliximab	https://pubmed.ncbi.nlm.nih.gov/22760475/	yes	"Response was defined as a DAS28 improvement of >=1.2 in some studies; other studies defined response using the ACR20. An ACR20 response corresponds to a decrease of at least 20% in the number of tender joints and the number of swollen joints	 and an improvement of 20% in at least three of the following: the patient's assessment of pain	 the patient's global assessment of disease status	 the physician's global assessment of disease status	 the patient's assessment of physical function	 and C reactive protein."	"Genotypes AG + GG is associated with increased response to adalimumab	 etanercept or infliximab in people with Arthritis	 Rheumatoid as compared to genotype AA."
rs2372536	ATIC	methotrexate	https://pubmed.ncbi.nlm.nih.gov/27885916/	yes	as measured by comparison of frequencies in poor responders (DAS28/CRP greater than 2.4 at 6 months) and good responders (DAS28/CRP less than 2.4 at 6 months).	"Genotype GG is associated with increased response to methotrexate in people with Arthritis	 Rheumatoid as compared to genotypes CC + CG."
rs2234693	ESR1	leflunomide	https://pubmed.ncbi.nlm.nih.gov/21174621/	yes	rs9340799 and rs2234693 were in linkage disequilibrium: haplotype A-T was associated with better response and haplotype G-C with worse response.	"Genotype TT is associated with increased response to leflunomide in women with Arthritis	 Rheumatoid as compared to genotype CC."
rs9340799	ESR1	leflunomide	https://pubmed.ncbi.nlm.nih.gov/21174621/	yes	rs9340799 and rs2234693 were in linkage disequilibrium: haplotype A-T was associated with better response and haplotype G-C with worse response.	"Genotype AA is associated with increased response to leflunomide in women with Arthritis	 Rheumatoid as compared to genotypes AG + GG."
